{"initial_reset_timestamp": 1600602952.399709, "timestamps": [1600602957.5762494, 1600602961.7412703, 1600602968.6724596, 1600602972.7720995, 1600602979.752876, 1600602983.8850918], "episode_lengths": [271, 244, 410, 242, 414, 244], "episode_rewards": [271.0, 244.0, 410.0, 242.0, 414.0, 244.0], "episode_types": ["t", "t", "t", "t", "t", "t", "t"]}